iteration,loss
1,1.108718
2,1.108715
3,1.108713
4,1.108710
5,1.108707
6,1.108703
7,1.108700
8,1.108697
9,1.108693
10,1.108690
11,1.108685
12,1.108682
13,1.108677
14,1.108672
15,1.108668
16,1.108662
17,1.108656
18,1.108650
19,1.108643
20,1.108636
21,1.108629
22,1.108622
23,1.108614
24,1.108606
25,1.108597
26,1.108588
27,1.108579
28,1.108569
29,1.108559
30,1.108548
31,1.108537
32,1.108525
33,1.108512
34,1.108498
35,1.108483
36,1.108467
37,1.108451
38,1.108434
39,1.108415
40,1.108397
41,1.108377
42,1.108355
43,1.108333
44,1.108308
45,1.108284
46,1.108259
47,1.108232
48,1.108204
49,1.108174
50,1.108140
51,1.108105
52,1.108069
53,1.108031
54,1.107990
55,1.107948
56,1.107904
57,1.107860
58,1.107809
59,1.107759
60,1.107704
61,1.107648
62,1.107585
63,1.107522
64,1.107456
65,1.107384
66,1.107309
67,1.107228
68,1.107145
69,1.107057
70,1.106964
71,1.106863
72,1.106761
73,1.106655
74,1.106542
75,1.106418
76,1.106288
77,1.106154
78,1.106011
79,1.105863
80,1.105707
81,1.105543
82,1.105366
83,1.105181
84,1.104984
85,1.104779
86,1.104565
87,1.104337
88,1.104094
89,1.103842
90,1.103579
91,1.103298
92,1.103006
93,1.102692
94,1.102362
95,1.102017
96,1.101652
97,1.101274
98,1.100864
99,1.100442
100,1.099991
101,1.099519
102,1.099017
103,1.098495
104,1.097938
105,1.097356
106,1.096738
107,1.096094
108,1.095417
109,1.094707
110,1.093949
111,1.093163
112,1.092326
113,1.091449
114,1.090534
115,1.089563
116,1.088554
117,1.087484
118,1.086361
119,1.085193
120,1.083952
121,1.082656
122,1.081291
123,1.079861
124,1.078362
125,1.076786
126,1.075132
127,1.073397
128,1.071578
129,1.069677
130,1.067688
131,1.065611
132,1.063432
133,1.061148
134,1.058757
135,1.056262
136,1.053649
137,1.050913
138,1.048052
139,1.045046
140,1.041904
141,1.038604
142,1.035128
143,1.031486
144,1.027655
145,1.023621
146,1.019378
147,1.014920
148,1.010231
149,1.005334
150,1.000186
151,0.994793
152,0.989181
153,0.983368
154,0.977361
155,0.971168
156,0.964815
157,0.958293
158,0.951599
159,0.944729
160,0.937681
161,0.930433
162,0.922980
163,0.915321
164,0.907482
165,0.899530
166,0.891564
167,0.883667
168,0.875951
169,0.868518
170,0.861455
171,0.854704
172,0.848211
173,0.841956
174,0.835990
175,0.830482
176,0.825635
177,0.821471
178,0.818003
179,0.815077
180,0.812414
181,0.809876
182,0.807570
183,0.805481
184,0.803525
185,0.801733
186,0.799824
187,0.797052
188,0.794453
189,0.792434
190,0.790537
191,0.789217
192,0.788128
193,0.787086
194,0.785968
195,0.784727
196,0.783480
197,0.782793
198,0.782278
199,0.781118
200,0.780274
201,0.779268
202,0.777707
203,0.776871
204,0.776153
205,0.775167
206,0.773982
207,0.772919
208,0.772145
209,0.771091
210,0.769409
211,0.769095
212,0.768811
213,0.768697
214,0.768858
215,0.768796
216,0.767702
217,0.767347
218,0.766539
219,0.766042
220,0.765440
221,0.765531
222,0.764825
223,0.764913
224,0.764773
225,0.764587
226,0.763791
227,0.763777
228,0.763228
229,0.762797
230,0.762390
231,0.761182
232,0.760840
233,0.760678
234,0.760429
235,0.760392
236,0.760122
237,0.759899
238,0.759679
239,0.759679
240,0.759601
241,0.759615
242,0.759573
243,0.759599
244,0.759311
245,0.759186
246,0.758964
247,0.759004
248,0.758766
249,0.758606
250,0.758485
251,0.758280
252,0.758115
253,0.758208
254,0.757831
255,0.757610
256,0.757124
257,0.756971
258,0.756209
259,0.756215
260,0.755733
261,0.755568
262,0.755334
263,0.755325
264,0.754647
265,0.754506
266,0.753805
267,0.753075
268,0.753022
269,0.753214
270,0.753005
271,0.752992
272,0.752897
273,0.752797
274,0.752027
275,0.751986
276,0.751920
277,0.751595
278,0.751049
279,0.750473
280,0.750272
281,0.750376
282,0.750115
283,0.749796
284,0.749445
285,0.749596
286,0.749449
287,0.749443
288,0.749333
289,0.748977
290,0.747834
291,0.747780
292,0.747669
293,0.747820
294,0.747745
295,0.747698
296,0.747586
297,0.747431
298,0.747311
299,0.747315
300,0.747004
301,0.747014
302,0.746886
303,0.746861
304,0.746756
305,0.746795
306,0.746357
307,0.746059
308,0.745715
309,0.745548
310,0.745097
311,0.744853
312,0.744724
313,0.744785
314,0.744712
315,0.744705
316,0.744573
317,0.744438
318,0.744250
319,0.744120
320,0.743761
321,0.743624
322,0.743587
323,0.743689
324,0.743405
325,0.743434
326,0.743360
327,0.743504
328,0.743316
329,0.743494
330,0.743270
331,0.743379
332,0.743160
333,0.743272
334,0.742273
335,0.742344
336,0.741981
337,0.742155
338,0.741846
339,0.741925
340,0.741469
341,0.741413
342,0.741288
343,0.740966
344,0.740463
345,0.740324
346,0.740100
347,0.740263
348,0.739929
349,0.740090
350,0.739737
351,0.739899
352,0.739759
353,0.739945
354,0.739438
355,0.739660
356,0.739353
357,0.739412
358,0.739109
359,0.739417
360,0.739076
361,0.738969
362,0.738717
363,0.738530
364,0.738210
365,0.738439
366,0.738144
367,0.738228
368,0.737534
369,0.737732
370,0.737440
371,0.737760
372,0.737427
373,0.737598
374,0.737465
375,0.737763
376,0.737365
377,0.737495
378,0.737258
379,0.737274
380,0.736956
381,0.737035
382,0.736756
383,0.736970
384,0.736676
385,0.736858
386,0.736712
387,0.737051
388,0.736665
389,0.736708
390,0.736412
391,0.736548
392,0.735959
393,0.736108
394,0.735964
395,0.736169
396,0.735403
397,0.735219
398,0.735043
399,0.735336
400,0.735046
401,0.735168
402,0.734975
403,0.735268
404,0.734688
405,0.734433
406,0.734335
407,0.734692
408,0.733970
409,0.733659
410,0.733378
411,0.733899
412,0.733455
413,0.733630
414,0.733132
415,0.733145
416,0.732299
417,0.732373
418,0.732293
419,0.732440
420,0.731808
421,0.731923
422,0.731881
423,0.732069
424,0.731485
425,0.731117
426,0.730877
427,0.731212
428,0.731005
429,0.731075
430,0.730658
431,0.730905
432,0.730637
433,0.730616
434,0.730172
435,0.730381
436,0.730221
437,0.730337
438,0.729976
439,0.730199
440,0.729999
441,0.730120
442,0.729793
443,0.730005
444,0.729826
445,0.730076
446,0.729736
447,0.729952
448,0.729640
449,0.729871
450,0.729550
451,0.729854
452,0.729573
453,0.729861
454,0.729439
455,0.729625
456,0.729108
457,0.729113
458,0.728686
459,0.728812
460,0.728614
461,0.728831
462,0.728348
463,0.728433
464,0.728251
465,0.728487
466,0.728063
467,0.728312
468,0.728078
469,0.728331
470,0.727809
471,0.728066
472,0.727900
473,0.728175
474,0.727603
475,0.727551
476,0.727375
477,0.727674
478,0.727132
479,0.727285
480,0.727134
481,0.727400
482,0.726920
483,0.727092
484,0.726937
485,0.727213
486,0.726772
487,0.726893
488,0.726663
489,0.726934
490,0.726344
491,0.726326
492,0.725690
493,0.725927
494,0.725590
495,0.725714
496,0.725534
497,0.725795
498,0.725556
499,0.725746
500,0.725517
501,0.725641
502,0.725088
503,0.725313
504,0.725062
505,0.725365
506,0.724934
507,0.725228
508,0.724961
509,0.725269
510,0.724924
511,0.725130
512,0.724941
513,0.725039
514,0.724650
515,0.724675
516,0.724401
517,0.724418
518,0.724266
519,0.724301
520,0.724134
521,0.724202
522,0.724096
523,0.724272
524,0.724148
525,0.724191
526,0.723975
527,0.724193
528,0.724063
529,0.724172
530,0.723816
531,0.723979
532,0.723886
533,0.723958
534,0.723715
535,0.723341
536,0.722878
537,0.722877
538,0.722638
539,0.722564
540,0.722225
541,0.722243
542,0.722199
543,0.722335
544,0.722228
545,0.722369
546,0.722024
547,0.722087
548,0.721830
549,0.721969
550,0.721469
551,0.721619
552,0.721363
553,0.721635
554,0.721400
555,0.721588
556,0.721329
557,0.721276
558,0.720846
559,0.721113
560,0.720920
561,0.720958
562,0.720695
563,0.720911
564,0.720747
565,0.720816
566,0.720644
567,0.720652
568,0.720284
569,0.720218
570,0.719978
571,0.720002
572,0.719791
573,0.719899
574,0.719786
575,0.719884
576,0.719452
577,0.719576
578,0.719290
579,0.719462
580,0.719105
581,0.719238
582,0.718897
583,0.719070
584,0.718858
585,0.718967
586,0.718798
587,0.719069
588,0.718940
589,0.719150
590,0.718923
591,0.718941
592,0.718521
593,0.718624
594,0.718509
595,0.718458
596,0.718194
597,0.717852
598,0.717772
599,0.717755
600,0.717694
601,0.717608
602,0.717213
603,0.716065
604,0.715713
605,0.715658
606,0.715741
607,0.715791
608,0.715720
609,0.715764
610,0.715659
611,0.715721
612,0.715514
613,0.715532
614,0.715374
615,0.715486
616,0.715293
617,0.715355
618,0.715254
619,0.715394
620,0.715177
621,0.714693
622,0.714381
623,0.714159
624,0.713936
625,0.713931
626,0.713890
627,0.713926
628,0.713925
629,0.713958
630,0.713931
631,0.714070
632,0.713822
633,0.713889
634,0.713607
635,0.713686
636,0.713447
637,0.713597
638,0.713524
639,0.713660
640,0.713481
641,0.713534
642,0.713506
643,0.713619
644,0.713506
645,0.713563
646,0.713214
647,0.712923
648,0.712732
649,0.712563
650,0.712548
651,0.712488
652,0.712415
653,0.712280
654,0.711960
655,0.711829
656,0.711828
657,0.711735
658,0.711718
659,0.711278
660,0.711368
661,0.711370
662,0.711549
663,0.711331
664,0.711417
665,0.711329
666,0.711458
667,0.711010
668,0.711111
669,0.710879
670,0.710835
671,0.710662
672,0.710836
673,0.710310
674,0.710156
675,0.709747
676,0.709655
677,0.709582
678,0.709707
679,0.709701
680,0.709814
681,0.709627
682,0.709680
683,0.709527
684,0.709602
685,0.709430
686,0.709552
687,0.709432
688,0.709431
689,0.708986
690,0.709158
691,0.709043
692,0.709220
693,0.709008
694,0.709167
695,0.709075
696,0.709168
697,0.708923
698,0.708917
699,0.708791
700,0.708779
701,0.708684
702,0.708702
703,0.708713
704,0.708746
705,0.708615
706,0.708634
707,0.708469
708,0.708573
709,0.708343
710,0.708400
711,0.708244
712,0.708395
713,0.708189
714,0.708221
715,0.708053
716,0.708063
717,0.708162
718,0.708299
719,0.707976
720,0.707108
721,0.706819
722,0.706409
723,0.705830
724,0.705620
725,0.705715
726,0.705626
727,0.705853
728,0.705544
729,0.705635
730,0.705345
731,0.705558
732,0.705246
733,0.704724
734,0.703871
735,0.704012
736,0.703636
737,0.703157
738,0.702835
739,0.702862
740,0.702739
741,0.702819
742,0.702694
743,0.702797
744,0.702748
745,0.702925
746,0.702767
747,0.702910
748,0.702708
749,0.702739
750,0.702441
751,0.702336
752,0.701572
753,0.701623
754,0.701390
755,0.701569
756,0.701433
757,0.701618
758,0.701427
759,0.701524
760,0.701340
761,0.701396
762,0.701114
763,0.701154
764,0.701092
765,0.701266
766,0.701151
767,0.701246
768,0.701063
769,0.701148
770,0.700842
771,0.700931
772,0.700736
773,0.700994
774,0.700781
775,0.700989
776,0.700695
777,0.700941
778,0.700702
779,0.700861
780,0.700619
781,0.700706
782,0.700558
783,0.700387
784,0.700136
785,0.700144
786,0.700083
787,0.700325
788,0.699895
789,0.699943
790,0.699705
791,0.699929
792,0.699724
793,0.699956
794,0.699896
795,0.700192
796,0.700095
797,0.700022
798,0.699815
799,0.699716
800,0.699570
801,0.699423
802,0.699452
803,0.699464
804,0.699647
805,0.699528
806,0.699682
807,0.699625
808,0.699839
809,0.699602
810,0.699683
811,0.699502
812,0.699599
813,0.699326
814,0.699410
815,0.699305
816,0.699561
817,0.699361
818,0.699613
819,0.699501
820,0.699553
821,0.699293
822,0.699256
823,0.699146
824,0.698722
825,0.698134
826,0.698040
827,0.697991
828,0.697915
829,0.697926
830,0.697979
831,0.698066
832,0.698110
833,0.698124
834,0.698197
835,0.698066
836,0.697972
837,0.697780
838,0.697846
839,0.697740
840,0.697904
841,0.697697
842,0.697644
843,0.697436
844,0.697539
845,0.697506
846,0.697584
847,0.697409
848,0.697437
849,0.697398
850,0.697343
851,0.697249
852,0.697295
853,0.697165
854,0.696860
855,0.696702
856,0.696604
857,0.696411
858,0.696185
859,0.696218
860,0.696178
861,0.696348
862,0.696165
863,0.696204
864,0.696103
865,0.696292
866,0.696178
867,0.696211
868,0.695939
869,0.696132
870,0.695956
871,0.696087
872,0.695937
873,0.696106
874,0.695863
875,0.696084
876,0.695632
877,0.695766
878,0.695387
879,0.695590
880,0.695407
881,0.695538
882,0.695352
883,0.695358
884,0.695105
885,0.695110
886,0.694854
887,0.695002
888,0.694855
889,0.694924
890,0.694680
891,0.694596
892,0.694439
893,0.694439
894,0.694380
895,0.694458
896,0.694591
897,0.694616
898,0.694629
899,0.694412
900,0.694371
901,0.694276
902,0.694196
903,0.694222
904,0.694260
905,0.694403
906,0.694313
907,0.694389
908,0.693945
909,0.693858
910,0.693625
911,0.693544
912,0.693449
913,0.693388
914,0.693404
915,0.693434
916,0.693544
917,0.693687
918,0.693939
919,0.693907
920,0.694084
921,0.693889
922,0.693947
923,0.693680
924,0.693644
925,0.693357
926,0.693531
927,0.693235
928,0.693360
929,0.693053
930,0.693169
931,0.693020
932,0.693422
933,0.693083
934,0.693279
935,0.692960
936,0.693050
937,0.692804
938,0.692769
939,0.692702
940,0.692234
941,0.691997
942,0.691926
943,0.692019
944,0.691992
945,0.692140
946,0.692015
947,0.692009
948,0.691700
949,0.691688
950,0.691290
951,0.691334
952,0.691120
953,0.691255
954,0.691122
955,0.691242
956,0.691037
957,0.691168
958,0.690882
959,0.690675
960,0.690475
961,0.690468
962,0.690406
963,0.690435
964,0.690536
965,0.690720
966,0.690807
967,0.690975
968,0.690815
969,0.690697
970,0.690535
971,0.690569
972,0.690628
973,0.690481
974,0.690478
975,0.690180
976,0.690274
977,0.690075
978,0.690168
979,0.690064
980,0.690089
981,0.689979
982,0.690035
983,0.689927
984,0.689783
985,0.689524
986,0.689516
987,0.689646
988,0.689683
989,0.689838
990,0.689571
991,0.689625
992,0.689271
993,0.689496
994,0.688998
995,0.689253
996,0.689110
997,0.689502
998,0.689311
999,0.689555
1000,0.689327
1001,0.689437
1002,0.689186
1003,0.689134
1004,0.689076
1005,0.688980
1006,0.689016
1007,0.688800
1008,0.688870
1009,0.688760
1010,0.688899
1011,0.688757
1012,0.688888
1013,0.688824
1014,0.688932
1015,0.688536
1016,0.688394
1017,0.688308
1018,0.688413
1019,0.688365
1020,0.688421
1021,0.688348
1022,0.688354
1023,0.688216
1024,0.688266
1025,0.688082
1026,0.688373
1027,0.688237
1028,0.688528
1029,0.688336
1030,0.688534
1031,0.687970
1032,0.687585
1033,0.687276
1034,0.687431
1035,0.687294
1036,0.687477
1037,0.686945
1038,0.686985
1039,0.686893
1040,0.686988
1041,0.686833
1042,0.686891
1043,0.687058
1044,0.687097
1045,0.687228
1046,0.686947
1047,0.687037
1048,0.686762
1049,0.686849
1050,0.686654
1051,0.686664
1052,0.686523
1053,0.686681
1054,0.686472
1055,0.686685
1056,0.686575
1057,0.686928
1058,0.686938
1059,0.687159
1060,0.686869
1061,0.686942
1062,0.686669
1063,0.686604
1064,0.686418
1065,0.686425
1066,0.686304
1067,0.686396
1068,0.686342
1069,0.686438
1070,0.686197
1071,0.686018
1072,0.685745
1073,0.685807
1074,0.685696
1075,0.685783
1076,0.685663
1077,0.685700
1078,0.685617
1079,0.685648
1080,0.685616
1081,0.685671
1082,0.685641
1083,0.685834
1084,0.685965
1085,0.686498
1086,0.686078
1087,0.686289
1088,0.685740
1089,0.685851
1090,0.685575
1091,0.685852
1092,0.685761
1093,0.686164
1094,0.685833
1095,0.685770
1096,0.685293
1097,0.685292
1098,0.684687
1099,0.684197
1100,0.684086
1101,0.684098
1102,0.684048
1103,0.684189
1104,0.684119
1105,0.684199
1106,0.684211
1107,0.684069
1108,0.684104
1109,0.683984
1110,0.684265
1111,0.684097
1112,0.684458
1113,0.684018
1114,0.684242
1115,0.683611
1116,0.683446
1117,0.683101
1118,0.683295
1119,0.683103
1120,0.683249
1121,0.683143
1122,0.683316
1123,0.683248
1124,0.683357
1125,0.683339
1126,0.683398
1127,0.683272
1128,0.682986
1129,0.682666
1130,0.682411
1131,0.682443
1132,0.682476
1133,0.682549
1134,0.682636
1135,0.682672
1136,0.682806
1137,0.682792
1138,0.682864
1139,0.682715
1140,0.682725
1141,0.682529
1142,0.682450
1143,0.682304
1144,0.682191
1145,0.682292
1146,0.682160
1147,0.682334
1148,0.682196
1149,0.682445
1150,0.682357
1151,0.682508
1152,0.682301
1153,0.682356
1154,0.682115
1155,0.682254
1156,0.681786
1157,0.681523
1158,0.681120
1159,0.681222
1160,0.680985
1161,0.681140
1162,0.680672
1163,0.680836
1164,0.680622
1165,0.680931
1166,0.680758
1167,0.681103
1168,0.680831
1169,0.681036
1170,0.680697
1171,0.680794
1172,0.680573
1173,0.680832
1174,0.680866
1175,0.681023
1176,0.680797
1177,0.680822
1178,0.680519
1179,0.680615
1180,0.680570
1181,0.680642
1182,0.680657
1183,0.680429
1184,0.680419
1185,0.680170
1186,0.680345
1187,0.680178
1188,0.680491
1189,0.680378
1190,0.680585
1191,0.680332
1192,0.680436
1193,0.680170
1194,0.680218
1195,0.680141
1196,0.680109
1197,0.680144
1198,0.680100
1199,0.680311
1200,0.680307
1201,0.680590
1202,0.680487
1203,0.680309
1204,0.680215
1205,0.679942
1206,0.679949
1207,0.679809
1208,0.680055
1209,0.679954
1210,0.680197
1211,0.679884
1212,0.679860
1213,0.679569
1214,0.679645
1215,0.679501
1216,0.679680
1217,0.679529
1218,0.679644
1219,0.679503
1220,0.679571
1221,0.679558
1222,0.679781
1223,0.679703
1224,0.679895
1225,0.679661
1226,0.679570
1227,0.679292
1228,0.679244
1229,0.679166
1230,0.679160
1231,0.679143
1232,0.679249
1233,0.679135
1234,0.678844
1235,0.678659
1236,0.678609
1237,0.678352
1238,0.678173
1239,0.678086
1240,0.678151
1241,0.678317
1242,0.678550
1243,0.678788
1244,0.678958
1245,0.678836
1246,0.678318
1247,0.677833
1248,0.677670
1249,0.677618
1250,0.677471
1251,0.677588
1252,0.677435
1253,0.677765
1254,0.677377
1255,0.677700
1256,0.677295
1257,0.677511
1258,0.677227
1259,0.677465
1260,0.677223
1261,0.677325
1262,0.677016
1263,0.677021
1264,0.676841
1265,0.676846
1266,0.676754
1267,0.676546
1268,0.676478
1269,0.676258
1270,0.676374
1271,0.676293
1272,0.676422
1273,0.676482
1274,0.676510
1275,0.676535
1276,0.676497
1277,0.676273
1278,0.676202
1279,0.675896
1280,0.676023
1281,0.675763
1282,0.676023
1283,0.675831
1284,0.676228
1285,0.676389
1286,0.676911
1287,0.676756
1288,0.676668
1289,0.675909
1290,0.675800
1291,0.675558
1292,0.675809
1293,0.675796
1294,0.675984
1295,0.675842
1296,0.675972
1297,0.675872
1298,0.676156
1299,0.675895
1300,0.675906
1301,0.675686
1302,0.675811
1303,0.675589
1304,0.675741
1305,0.675401
1306,0.675513
1307,0.675318
1308,0.675426
1309,0.675174
1310,0.675220
1311,0.675161
1312,0.675335
1313,0.675189
1314,0.675491
1315,0.675292
1316,0.675534
1317,0.675063
1318,0.675117
1319,0.674773
1320,0.674901
1321,0.674667
1322,0.674800
1323,0.674697
1324,0.674706
1325,0.674756
1326,0.674550
1327,0.674416
1328,0.674222
1329,0.674200
1330,0.674213
1331,0.674464
1332,0.674628
1333,0.674772
1334,0.674432
1335,0.673731
1336,0.673531
1337,0.673602
1338,0.673702
1339,0.673901
1340,0.673705
1341,0.673722
1342,0.672784
1343,0.672711
1344,0.672466
1345,0.672460
1346,0.672345
1347,0.672251
1348,0.672229
1349,0.672191
1350,0.672185
1351,0.672170
1352,0.672279
1353,0.672205
1354,0.672510
1355,0.672407
1356,0.672457
1357,0.671925
1358,0.671766
1359,0.671493
1360,0.671540
1361,0.671453
1362,0.671522
1363,0.671483
1364,0.671585
1365,0.671554
1366,0.671651
1367,0.671630
1368,0.671860
1369,0.671845
1370,0.671939
1371,0.671653
1372,0.671556
1373,0.671315
1374,0.671296
1375,0.671190
1376,0.671280
1377,0.671528
1378,0.671980
1379,0.672616
1380,0.672486
1381,0.672132
1382,0.671538
1383,0.671216
1384,0.671016
1385,0.671045
1386,0.670983
1387,0.671102
1388,0.670995
1389,0.671065
1390,0.670886
1391,0.671039
1392,0.670869
1393,0.670994
1394,0.670995
1395,0.671186
1396,0.671227
1397,0.671310
1398,0.671117
1399,0.670946
1400,0.670945
1401,0.670714
1402,0.670903
1403,0.670760
1404,0.671003
1405,0.670570
1406,0.670773
1407,0.670504
1408,0.670714
1409,0.670060
1410,0.669476
1411,0.668735
1412,0.668757
1413,0.668517
1414,0.668489
1415,0.668403
1416,0.668602
1417,0.668671
1418,0.668946
1419,0.669102
1420,0.669064
1421,0.668839
1422,0.668639
1423,0.668403
1424,0.668280
1425,0.668214
1426,0.668327
1427,0.668128
1428,0.668182
1429,0.668085
1430,0.668372
1431,0.668292
1432,0.668311
1433,0.667883
1434,0.667713
1435,0.667446
1436,0.667345
1437,0.667252
1438,0.667285
1439,0.666981
1440,0.666806
1441,0.666613
1442,0.666434
1443,0.666420
1444,0.666310
1445,0.666473
1446,0.666454
1447,0.666657
1448,0.666554
1449,0.666492
1450,0.665889
1451,0.665882
1452,0.665815
1453,0.665850
1454,0.665471
1455,0.665150
1456,0.664768
1457,0.664823
1458,0.664611
1459,0.664619
1460,0.664560
1461,0.664587
1462,0.664347
1463,0.664246
1464,0.664098
1465,0.664098
1466,0.663867
1467,0.663815
1468,0.663661
1469,0.663733
1470,0.663641
1471,0.663622
1472,0.663045
1473,0.662725
1474,0.662622
1475,0.662562
1476,0.662397
1477,0.662434
1478,0.662274
1479,0.662486
1480,0.662361
1481,0.662355
1482,0.662488
1483,0.662347
1484,0.662486
1485,0.662078
1486,0.661936
1487,0.661709
1488,0.661703
1489,0.661717
1490,0.661730
1491,0.661844
1492,0.661981
1493,0.662096
1494,0.662157
1495,0.661806
1496,0.661613
1497,0.661496
1498,0.661470
1499,0.661556
1500,0.661470
1501,0.661669
1502,0.661496
1503,0.661714
1504,0.661558
1505,0.661733
1506,0.661706
1507,0.661754
1508,0.661507
1509,0.661402
1510,0.661025
1511,0.660941
1512,0.660965
1513,0.661241
1514,0.661276
1515,0.661440
1516,0.661270
1517,0.661424
1518,0.661198
1519,0.661350
1520,0.661061
1521,0.661032
1522,0.660909
1523,0.660910
1524,0.661035
1525,0.660748
1526,0.660691
1527,0.660125
1528,0.660013
1529,0.659959
1530,0.659866
1531,0.659796
1532,0.659692
1533,0.659664
1534,0.659812
1535,0.659927
1536,0.660238
1537,0.660263
1538,0.660559
1539,0.660245
1540,0.660297
1541,0.659866
1542,0.659779
1543,0.659317
1544,0.659147
1545,0.658928
1546,0.659107
1547,0.658857
1548,0.659070
1549,0.658823
1550,0.659090
1551,0.658926
1552,0.659311
1553,0.659158
1554,0.659420
1555,0.659086
1556,0.659169
1557,0.658679
1558,0.658184
1559,0.657537
1560,0.657757
1561,0.657648
1562,0.658162
1563,0.658179
1564,0.658159
1565,0.657940
1566,0.657498
1567,0.657462
1568,0.657087
1569,0.657227
1570,0.657062
1571,0.657346
1572,0.657460
1573,0.657809
1574,0.657955
1575,0.657960
1576,0.657760
1577,0.657541
1578,0.657364
1579,0.657323
1580,0.657283
1581,0.657457
1582,0.657314
1583,0.657500
1584,0.657198
1585,0.657344
1586,0.657057
1587,0.657190
1588,0.657066
1589,0.657178
1590,0.657119
1591,0.657178
1592,0.657122
1593,0.657218
1594,0.657132
1595,0.657220
1596,0.657216
1597,0.657126
1598,0.657043
1599,0.656899
1600,0.656798
1601,0.656818
1602,0.656931
1603,0.656978
1604,0.656950
1605,0.656950
1606,0.656878
1607,0.657044
1608,0.657177
1609,0.657312
1610,0.657255
1611,0.656976
1612,0.656659
1613,0.656559
1614,0.656339
1615,0.656359
1616,0.656196
1617,0.656407
1618,0.656429
1619,0.656677
1620,0.656486
1621,0.656415
1622,0.656373
1623,0.656408
1624,0.656508
1625,0.656390
1626,0.656495
1627,0.656197
1628,0.656356
1629,0.656099
1630,0.656392
1631,0.656259
1632,0.656707
1633,0.656357
1634,0.656676
1635,0.655993
1636,0.656094
1637,0.655731
1638,0.655994
1639,0.655851
1640,0.656146
1641,0.656056
1642,0.655942
1643,0.655730
1644,0.655607
1645,0.655558
1646,0.655539
1647,0.655648
1648,0.655823
1649,0.656061
1650,0.656066
1651,0.655989
1652,0.655639
1653,0.655505
1654,0.655465
1655,0.655576
1656,0.655665
1657,0.655584
1658,0.655439
1659,0.655231
1660,0.655126
1661,0.655234
1662,0.655295
1663,0.655581
1664,0.655607
1665,0.655697
1666,0.655391
1667,0.655315
1668,0.655243
1669,0.655047
1670,0.655033
1671,0.654654
1672,0.654655
1673,0.654490
1674,0.654814
1675,0.654998
1676,0.655453
1677,0.655278
1678,0.655267
1679,0.654877
1680,0.654938
1681,0.654720
1682,0.654970
1683,0.654873
1684,0.655110
1685,0.654918
1686,0.655323
1687,0.654704
1688,0.654953
1689,0.654443
1690,0.654807
1691,0.654218
1692,0.654455
1693,0.654007
1694,0.654179
1695,0.653886
1696,0.654188
1697,0.654091
1698,0.654433
1699,0.654471
1700,0.654788
1701,0.654719
1702,0.654750
1703,0.654469
1704,0.654230
1705,0.654130
1706,0.654014
1707,0.654132
1708,0.653964
1709,0.654091
1710,0.653907
1711,0.654087
1712,0.653948
1713,0.654164
1714,0.653767
1715,0.653557
1716,0.653099
1717,0.653269
1718,0.653036
1719,0.653391
1720,0.653405
1721,0.653728
1722,0.653590
1723,0.653776
1724,0.653796
1725,0.653823
1726,0.653736
1727,0.653295
1728,0.653081
1729,0.652791
1730,0.652759
1731,0.652703
1732,0.652805
1733,0.652927
1734,0.653145
1735,0.653106
1736,0.653126
1737,0.652919
1738,0.652965
1739,0.652977
1740,0.653242
1741,0.653394
1742,0.653406
1743,0.653369
1744,0.653013
1745,0.653126
1746,0.653000
1747,0.653313
1748,0.653214
1749,0.653237
1750,0.653142
1751,0.652908
1752,0.652864
1753,0.652638
1754,0.652741
1755,0.652731
1756,0.652943
1757,0.652912
1758,0.652932
1759,0.652881
1760,0.652909
1761,0.652748
1762,0.652808
1763,0.652568
1764,0.652577
1765,0.652380
1766,0.652546
1767,0.652472
1768,0.652791
1769,0.652769
1770,0.652862
1771,0.652678
1772,0.652638
1773,0.652572
1774,0.652811
1775,0.652752
1776,0.653027
1777,0.652934
1778,0.652885
1779,0.652803
1780,0.652471
1781,0.652534
1782,0.652317
1783,0.652541
1784,0.652495
1785,0.652701
1786,0.652565
1787,0.652541
1788,0.652209
1789,0.652135
1790,0.651863
1791,0.651900
1792,0.651843
1793,0.652035
1794,0.652086
1795,0.652299
1796,0.652308
1797,0.652533
1798,0.652543
1799,0.652618
1800,0.652280
1801,0.652075
1802,0.651799
1803,0.651769
1804,0.651898
1805,0.652106
1806,0.652413
1807,0.652462
1808,0.652344
1809,0.652154
1810,0.651975
1811,0.651947
1812,0.651961
1813,0.651998
1814,0.651978
1815,0.651872
1816,0.651798
1817,0.651752
1818,0.651776
1819,0.651746
1820,0.651740
1821,0.651992
1822,0.651802
1823,0.652096
1824,0.651672
1825,0.651851
1826,0.651528
1827,0.651820
1828,0.651498
1829,0.651799
1830,0.651440
1831,0.651600
1832,0.651302
1833,0.651359
1834,0.651186
1835,0.651462
1836,0.651411
1837,0.652098
1838,0.651938
1839,0.652424
1840,0.651524
1841,0.651417
1842,0.650878
1843,0.650967
1844,0.650970
1845,0.651386
1846,0.651558
1847,0.651829
1848,0.651493
1849,0.651292
1850,0.651008
1851,0.650881
1852,0.650934
1853,0.650882
1854,0.650955
1855,0.650878
1856,0.650990
1857,0.650881
1858,0.651165
1859,0.650701
1860,0.650923
1861,0.650538
1862,0.650801
1863,0.650608
1864,0.650896
1865,0.650823
1866,0.651008
1867,0.651010
1868,0.651158
1869,0.651366
1870,0.651535
1871,0.651011
1872,0.650693
1873,0.650307
1874,0.650261
1875,0.650254
1876,0.650327
1877,0.650542
1878,0.650551
1879,0.650807
1880,0.650784
1881,0.650982
1882,0.650791
1883,0.650865
1884,0.650616
1885,0.650708
1886,0.650537
1887,0.650642
1888,0.650529
1889,0.650721
1890,0.650552
1891,0.650680
1892,0.650399
1893,0.650414
1894,0.650294
1895,0.650407
1896,0.650327
1897,0.650271
1898,0.650288
1899,0.649944
1900,0.649775
1901,0.649314
1902,0.649266
1903,0.648967
1904,0.649115
1905,0.648835
1906,0.649022
1907,0.648603
1908,0.647875
1909,0.647114
1910,0.647185
1911,0.646960
1912,0.647088
1913,0.647015
1914,0.647280
1915,0.647358
1916,0.647653
1917,0.647676
1918,0.647494
1919,0.647203
1920,0.646894
1921,0.646773
1922,0.646765
1923,0.646889
1924,0.646939
1925,0.647089
1926,0.647004
1927,0.647211
1928,0.647051
1929,0.647022
1930,0.646839
1931,0.646811
1932,0.646817
1933,0.646842
1934,0.647094
1935,0.647063
1936,0.647381
1937,0.647152
1938,0.647220
1939,0.646824
1940,0.646875
1941,0.646571
1942,0.646727
1943,0.646354
1944,0.646614
1945,0.646408
1946,0.646965
1947,0.646515
1948,0.646971
1949,0.646515
1950,0.646857
1951,0.646704
1952,0.646923
1953,0.646745
1954,0.646596
1955,0.646399
1956,0.646309
1957,0.646123
1958,0.646140
1959,0.646014
1960,0.646148
1961,0.646186
1962,0.646351
1963,0.646495
1964,0.646576
1965,0.646663
1966,0.646556
1967,0.646446
1968,0.646308
1969,0.646226
1970,0.646209
1971,0.646059
1972,0.646132
1973,0.646021
1974,0.646117
1975,0.646172
1976,0.646380
1977,0.646613
1978,0.646604
1979,0.646479
1980,0.646197
1981,0.646152
1982,0.645886
1983,0.645940
1984,0.645754
1985,0.645933
1986,0.645892
1987,0.646087
1988,0.645996
1989,0.646102
1990,0.646042
1991,0.646183
1992,0.646191
1993,0.646244
1994,0.646131
1995,0.646078
1996,0.645999
1997,0.645843
1998,0.645789
1999,0.645629
2000,0.645625
2001,0.645553
2002,0.645501
2003,0.645856
2004,0.646218
2005,0.646604
2006,0.645879
2007,0.645499
2008,0.644926
2009,0.644978
2010,0.644904
2011,0.645281
2012,0.645369
2013,0.645763
2014,0.645685
2015,0.645859
2016,0.645719
2017,0.645670
2018,0.645674
2019,0.645419
2020,0.645431
2021,0.645204
2022,0.645277
2023,0.645188
2024,0.645187
2025,0.644771
2026,0.644758
2027,0.644488
2028,0.644554
2029,0.644323
2030,0.644726
2031,0.644581
2032,0.645043
2033,0.644615
2034,0.644696
2035,0.644385
2036,0.644475
2037,0.644398
2038,0.644711
2039,0.644723
2040,0.644929
2041,0.644967
2042,0.644985
2043,0.645289
2044,0.645042
2045,0.645098
2046,0.644578
2047,0.644518
2048,0.644120
2049,0.644162
2050,0.643932
2051,0.644109
2052,0.644042
2053,0.644311
2054,0.644247
2055,0.644327
2056,0.644145
2057,0.644043
2058,0.643812
2059,0.643592
2060,0.643409
2061,0.643454
2062,0.643519
2063,0.643803
2064,0.644071
2065,0.644240
2066,0.644501
2067,0.644060
2068,0.643868
2069,0.643529
2070,0.643304
2071,0.643239
2072,0.643142
2073,0.643300
2074,0.643350
2075,0.643512
2076,0.643520
2077,0.643579
2078,0.643511
2079,0.643763
2080,0.643634
2081,0.643705
2082,0.643367
2083,0.643282
2084,0.642869
2085,0.642708
2086,0.642506
2087,0.642521
2088,0.642475
2089,0.642452
2090,0.642321
2091,0.642341
2092,0.642454
2093,0.642701
2094,0.642927
2095,0.642819
2096,0.642893
2097,0.642482
2098,0.642588
2099,0.642395
2100,0.642442
2101,0.642377
2102,0.642287
2103,0.642384
2104,0.642501
2105,0.642822
2106,0.643119
2107,0.643172
2108,0.642949
2109,0.642734
2110,0.642458
2111,0.642351
2112,0.642263
2113,0.642331
2114,0.642318
2115,0.642390
2116,0.642230
2117,0.642308
2118,0.642123
2119,0.642220
2120,0.642166
2121,0.642297
2122,0.642323
2123,0.642422
2124,0.642369
2125,0.642134
2126,0.641874
2127,0.641770
2128,0.641739
2129,0.641869
2130,0.641941
2131,0.641994
2132,0.641858
2133,0.641663
2134,0.641452
2135,0.641198
2136,0.641196
2137,0.641233
2138,0.641408
2139,0.641397
2140,0.641387
2141,0.641195
2142,0.641068
2143,0.640969
2144,0.641021
2145,0.641187
2146,0.641396
2147,0.641616
2148,0.641630
2149,0.641421
2150,0.641374
2151,0.641311
2152,0.641501
2153,0.641316
2154,0.641458
2155,0.640955
2156,0.640844
2157,0.640464
2158,0.640580
2159,0.640483
2160,0.640743
2161,0.640692
2162,0.640974
2163,0.640867
2164,0.641056
2165,0.640756
2166,0.640738
2167,0.640310
2168,0.640371
2169,0.640179
2170,0.640377
2171,0.640365
2172,0.640737
2173,0.640198
2174,0.640006
2175,0.639440
2176,0.639421
2177,0.639314
2178,0.639575
2179,0.639559
2180,0.639753
2181,0.639317
2182,0.639175
2183,0.638935
2184,0.639121
2185,0.639139
2186,0.639643
2187,0.639580
2188,0.639751
2189,0.639430
2190,0.639319
2191,0.639082
2192,0.638932
2193,0.638628
2194,0.638636
2195,0.638577
2196,0.638794
2197,0.638649
2198,0.638720
2199,0.638447
2200,0.638600
2201,0.638489
2202,0.638756
2203,0.638713
2204,0.638729
2205,0.638565
2206,0.638463
2207,0.638431
2208,0.638320
2209,0.638481
2210,0.638564
2211,0.638860
2212,0.638875
2213,0.639032
2214,0.638903
2215,0.638602
2216,0.638509
2217,0.638260
2218,0.638210
2219,0.638165
2220,0.638288
2221,0.638378
2222,0.638432
2223,0.638469
2224,0.638584
2225,0.638434
2226,0.638333
2227,0.637638
2228,0.637137
2229,0.637121
2230,0.637237
2231,0.637354
2232,0.637158
2233,0.636978
2234,0.636791
2235,0.636641
2236,0.636686
2237,0.636650
2238,0.636947
2239,0.636863
2240,0.637283
2241,0.636910
2242,0.637187
2243,0.637020
2244,0.637337
2245,0.637398
2246,0.637213
2247,0.637166
2248,0.636811
2249,0.636764
2250,0.636573
2251,0.636659
2252,0.636491
2253,0.636357
2254,0.636017
2255,0.636203
2256,0.636130
2257,0.636309
2258,0.636211
2259,0.636368
2260,0.636058
2261,0.635966
2262,0.635684
2263,0.635843
2264,0.636005
2265,0.636168
2266,0.636088
2267,0.635752
2268,0.635544
2269,0.635413
2270,0.635488
2271,0.635779
2272,0.635959
2273,0.636428
2274,0.636240
2275,0.636364
2276,0.635897
2277,0.635905
2278,0.635727
2279,0.635943
2280,0.635788
2281,0.635980
2282,0.635643
2283,0.635686
2284,0.635464
2285,0.635513
2286,0.635635
2287,0.635624
2288,0.635938
2289,0.635630
2290,0.635899
2291,0.635559
2292,0.635541
2293,0.635157
2294,0.635146
2295,0.635028
2296,0.635192
2297,0.634963
2298,0.635084
2299,0.634654
2300,0.634906
2301,0.634663
2302,0.635119
2303,0.634865
2304,0.635198
2305,0.634922
2306,0.635019
2307,0.634428
2308,0.633911
2309,0.633421
2310,0.633367
2311,0.633276
2312,0.633366
2313,0.633440
2314,0.633459
2315,0.633505
2316,0.633292
2317,0.633358
2318,0.633155
2319,0.633218
2320,0.633089
2321,0.633220
2322,0.633127
2323,0.633350
2324,0.632972
2325,0.633203
2326,0.633124
2327,0.633222
2328,0.633171
2329,0.632784
2330,0.632658
2331,0.632531
2332,0.632431
2333,0.632571
2334,0.632298
2335,0.632539
2336,0.632369
2337,0.632756
2338,0.632734
2339,0.632862
2340,0.632658
2341,0.632409
2342,0.632200
2343,0.631998
2344,0.631839
2345,0.631895
2346,0.631825
2347,0.631958
2348,0.631973
2349,0.632229
2350,0.632257
2351,0.632312
2352,0.631920
2353,0.632008
2354,0.631673
2355,0.631823
2356,0.631845
2357,0.632033
2358,0.631929
2359,0.631745
2360,0.631524
2361,0.631512
2362,0.631518
2363,0.631694
2364,0.631564
2365,0.631652
2366,0.631430
2367,0.631458
2368,0.631302
2369,0.631334
2370,0.631340
2371,0.631464
2372,0.631794
2373,0.632033
2374,0.632500
2375,0.632481
2376,0.632156
2377,0.631832
2378,0.631215
2379,0.631230
2380,0.631066
2381,0.631341
2382,0.630621
2383,0.630638
2384,0.630312
2385,0.630543
2386,0.630314
2387,0.630428
2388,0.630266
2389,0.630332
2390,0.630093
2391,0.630247
2392,0.629602
2393,0.629725
2394,0.629313
2395,0.629618
2396,0.629220
2397,0.629294
2398,0.628825
2399,0.629004
2400,0.628748
2401,0.629132
2402,0.629057
2403,0.629577
2404,0.629383
2405,0.629452
2406,0.628885
2407,0.628806
2408,0.628581
2409,0.628658
2410,0.628711
2411,0.628804
2412,0.628873
2413,0.628929
2414,0.628945
2415,0.628758
2416,0.628760
2417,0.628451
2418,0.628582
2419,0.628279
2420,0.628526
2421,0.628341
2422,0.628601
2423,0.628369
2424,0.628497
2425,0.628189
2426,0.628170
2427,0.627987
2428,0.628047
2429,0.628048
2430,0.628182
2431,0.628295
2432,0.628454
2433,0.628487
2434,0.628371
2435,0.628561
2436,0.628438
2437,0.628622
2438,0.628312
2439,0.628227
2440,0.627959
2441,0.627819
2442,0.627781
2443,0.627787
2444,0.627998
2445,0.627979
2446,0.628206
2447,0.628001
2448,0.628129
2449,0.627939
2450,0.628063
2451,0.627882
2452,0.627950
2453,0.627721
2454,0.627720
2455,0.627439
2456,0.627664
2457,0.627618
2458,0.627841
2459,0.627523
2460,0.627656
2461,0.627520
2462,0.627890
2463,0.627923
2464,0.627894
2465,0.627560
2466,0.627272
2467,0.627072
2468,0.626961
2469,0.627029
2470,0.626993
2471,0.627212
2472,0.627092
2473,0.627372
2474,0.627252
2475,0.627537
2476,0.627601
2477,0.627878
2478,0.627777
2479,0.627854
2480,0.627520
2481,0.627349
2482,0.627161
2483,0.627151
2484,0.627153
2485,0.627322
2486,0.627298
2487,0.627563
2488,0.627542
2489,0.627717
2490,0.627335
2491,0.627365
2492,0.627075
2493,0.627246
2494,0.627154
2495,0.627315
2496,0.627225
2497,0.627354
2498,0.627370
2499,0.627397
2500,0.627375
2501,0.627241
2502,0.627246
2503,0.627159
2504,0.627197
2505,0.627034
2506,0.627024
2507,0.626905
2508,0.626922
2509,0.626925
2510,0.627107
2511,0.627273
2512,0.627639
2513,0.627573
2514,0.627800
2515,0.627448
2516,0.627348
2517,0.626895
2518,0.626818
2519,0.626575
2520,0.626746
2521,0.626788
2522,0.627111
2523,0.627210
2524,0.627164
2525,0.627019
2526,0.626927
2527,0.627031
2528,0.627151
2529,0.627286
2530,0.627103
2531,0.627000
2532,0.626509
2533,0.626491
2534,0.626263
2535,0.626501
2536,0.626413
2537,0.626694
2538,0.626413
2539,0.626482
2540,0.626070
2541,0.626268
2542,0.626017
2543,0.626262
2544,0.626041
2545,0.626223
2546,0.626141
2547,0.626224
2548,0.626259
2549,0.626408
2550,0.626450
2551,0.626542
2552,0.626467
2553,0.626522
2554,0.626377
2555,0.626083
2556,0.625840
2557,0.625617
2558,0.625597
2559,0.625685
2560,0.625938
2561,0.626125
2562,0.626415
2563,0.626311
2564,0.626364
2565,0.626163
2566,0.626251
2567,0.625989
2568,0.626090
2569,0.625851
2570,0.625949
2571,0.625619
2572,0.625300
2573,0.624901
2574,0.625200
2575,0.625037
2576,0.625126
2577,0.624832
2578,0.624704
2579,0.624386
2580,0.624278
2581,0.624286
2582,0.624246
2583,0.624302
2584,0.624097
2585,0.624195
2586,0.623873
2587,0.624032
2588,0.623847
2589,0.624115
2590,0.624142
2591,0.624319
2592,0.624196
2593,0.624154
2594,0.623953
2595,0.623975
2596,0.623996
2597,0.624118
2598,0.624123
2599,0.623876
2600,0.623767
2601,0.623549
2602,0.623771
2603,0.623830
2604,0.624250
2605,0.624091
2606,0.624133
2607,0.623953
2608,0.623818
2609,0.623718
2610,0.623640
2611,0.623574
2612,0.623540
2613,0.623498
2614,0.623593
2615,0.623798
2616,0.623856
2617,0.623910
2618,0.623732
2619,0.623724
2620,0.623534
2621,0.623593
2622,0.623510
2623,0.623899
2624,0.623642
2625,0.624183
2626,0.623569
2627,0.624125
2628,0.623655
2629,0.624079
2630,0.623585
2631,0.623763
2632,0.623542
2633,0.623646
2634,0.623459
2635,0.623464
2636,0.623399
2637,0.623418
2638,0.623500
2639,0.623409
2640,0.623397
2641,0.623267
2642,0.623305
2643,0.623366
2644,0.623823
2645,0.624128
2646,0.624455
2647,0.624066
2648,0.623704
2649,0.623359
2650,0.623148
2651,0.623028
2652,0.623105
2653,0.623026
2654,0.623311
2655,0.623189
2656,0.623557
2657,0.623535
2658,0.623697
2659,0.623583
2660,0.623354
2661,0.623167
2662,0.622958
2663,0.622875
2664,0.622882
2665,0.622984
2666,0.623228
2667,0.623411
2668,0.623554
2669,0.623480
2670,0.623485
2671,0.623478
2672,0.623626
2673,0.623613
2674,0.623539
2675,0.623414
2676,0.623199
2677,0.623048
2678,0.623039
2679,0.622975
2680,0.623069
2681,0.622933
2682,0.623087
2683,0.622991
2684,0.623216
2685,0.623173
2686,0.623236
2687,0.623232
2688,0.623180
2689,0.623280
2690,0.623128
2691,0.623016
2692,0.622734
2693,0.622731
2694,0.622512
2695,0.622567
2696,0.622459
2697,0.622511
2698,0.622475
2699,0.622584
2700,0.622655
2701,0.622765
2702,0.622823
2703,0.622629
2704,0.622593
2705,0.622370
2706,0.622394
2707,0.622311
2708,0.622621
2709,0.622696
2710,0.623349
2711,0.623383
2712,0.623628
2713,0.623409
2714,0.622845
2715,0.622624
2716,0.622276
2717,0.622501
2718,0.622313
2719,0.622651
2720,0.622198
2721,0.622440
2722,0.622095
2723,0.622431
2724,0.622181
2725,0.622579
2726,0.622288
2727,0.622660
2728,0.622302
2729,0.622585
2730,0.622363
2731,0.622714
2732,0.622436
2733,0.622684
2734,0.622478
2735,0.622566
2736,0.622462
2737,0.622265
2738,0.622183
2739,0.621974
2740,0.622027
2741,0.622013
2742,0.622309
2743,0.622392
2744,0.622646
2745,0.622311
2746,0.622314
2747,0.621984
2748,0.622183
2749,0.622049
2750,0.622405
2751,0.622173
2752,0.622307
2753,0.622016
2754,0.622105
2755,0.621865
2756,0.621812
2757,0.621647
2758,0.621627
2759,0.621753
2760,0.621947
2761,0.622172
2762,0.622089
2763,0.621926
2764,0.621600
2765,0.621499
2766,0.621323
2767,0.621515
2768,0.621384
2769,0.621547
2770,0.621378
2771,0.621402
2772,0.621279
2773,0.621175
2774,0.621133
2775,0.620891
2776,0.620886
2777,0.620801
2778,0.621037
2779,0.621113
2780,0.621131
2781,0.621019
2782,0.620901
2783,0.620767
2784,0.620533
2785,0.620454
2786,0.620293
2787,0.620312
2788,0.620259
2789,0.620429
2790,0.620526
2791,0.620912
2792,0.620948
2793,0.621304
2794,0.621251
2795,0.621260
2796,0.621019
2797,0.620835
2798,0.620695
2799,0.620593
2800,0.620683
2801,0.620673
2802,0.620795
2803,0.620843
2804,0.620818
2805,0.620858
2806,0.620949
2807,0.620842
2808,0.620957
2809,0.620745
2810,0.620806
2811,0.620559
2812,0.620535
2813,0.620313
2814,0.620275
2815,0.620163
2816,0.620144
2817,0.620151
2818,0.620194
2819,0.620362
2820,0.620455
2821,0.620696
2822,0.620635
2823,0.620765
2824,0.620535
2825,0.620764
2826,0.620611
2827,0.621063
2828,0.620741
2829,0.620951
2830,0.620348
2831,0.620458
2832,0.619989
2833,0.620212
2834,0.619998
2835,0.620437
2836,0.620472
2837,0.620969
2838,0.620736
2839,0.620889
2840,0.620217
2841,0.620365
2842,0.620118
2843,0.620470
2844,0.620498
2845,0.620594
2846,0.620552
2847,0.620459
2848,0.620517
2849,0.620359
2850,0.620537
2851,0.620293
2852,0.620509
2853,0.620155
2854,0.620275
2855,0.619972
2856,0.619999
2857,0.619813
2858,0.619801
2859,0.619691
2860,0.619726
2861,0.619742
2862,0.620004
2863,0.620302
2864,0.620572
2865,0.620676
2866,0.620236
2867,0.620051
2868,0.619862
2869,0.620109
2870,0.620447
2871,0.620674
2872,0.620745
2873,0.620413
2874,0.620273
2875,0.620038
2876,0.619860
2877,0.619719
2878,0.619667
2879,0.619629
2880,0.619574
2881,0.619537
2882,0.619758
2883,0.619916
2884,0.620066
2885,0.620031
2886,0.619617
2887,0.619476
2888,0.619096
2889,0.619305
2890,0.619036
2891,0.619488
2892,0.619077
2893,0.619499
2894,0.619167
2895,0.619587
2896,0.619413
2897,0.619770
2898,0.619595
2899,0.619763
2900,0.619480
2901,0.619407
2902,0.619103
2903,0.619007
2904,0.618839
2905,0.618932
2906,0.618948
2907,0.619255
2908,0.619305
2909,0.619577
2910,0.619568
2911,0.619698
2912,0.619526
2913,0.619335
2914,0.619158
2915,0.619190
2916,0.619387
2917,0.619700
2918,0.619744
2919,0.619888
2920,0.619531
2921,0.619717
2922,0.619254
2923,0.619534
2924,0.619053
2925,0.619153
2926,0.618789
2927,0.618887
2928,0.618760
2929,0.619004
2930,0.619096
2931,0.619433
2932,0.619420
2933,0.619482
2934,0.619180
2935,0.619300
2936,0.619229
2937,0.619324
2938,0.618913
2939,0.618619
2940,0.618395
2941,0.618318
2942,0.618434
2943,0.618488
2944,0.618672
2945,0.618633
2946,0.618787
2947,0.618559
2948,0.618651
2949,0.618325
2950,0.618472
2951,0.618277
2952,0.618628
2953,0.618445
2954,0.618914
2955,0.618712
2956,0.619055
2957,0.618755
2958,0.618903
2959,0.618358
2960,0.618481
2961,0.618127
2962,0.618357
2963,0.618278
2964,0.618654
2965,0.618615
2966,0.618763
2967,0.618558
2968,0.618488
2969,0.618541
2970,0.618594
2971,0.618747
2972,0.618669
2973,0.618809
2974,0.618730
2975,0.618868
2976,0.618691
2977,0.618634
2978,0.618593
2979,0.618437
2980,0.618459
2981,0.618105
2982,0.618036
2983,0.617748
2984,0.617966
2985,0.617875
2986,0.618245
2987,0.617991
2988,0.618187
2989,0.617787
2990,0.617950
2991,0.617727
2992,0.618038
2993,0.618041
2994,0.618542
2995,0.618315
2996,0.618454
2997,0.617895
2998,0.617881
2999,0.617683
3000,0.617932
